Catalog#,Artist,Title,Label,Format,Rating,Released,release_id,CollectionFolder,Date Added,Collection Media Condition,Collection Sleeve Condition,Collection Notes
ISLE004,Ramzi,Pèze-Piton,12th Isle,"LP, Album",,2017,11238408,Uncategorized,2022-04-01 05:29:11,Very Good Plus (VG+),,
ISLE007,Lo Kindre,Chlorophytum,12th Isle,"12"", EP",,2019,13039009,Uncategorized,2020-09-06 14:06:12,Near Mint (NM or M-),Near Mint (NM or M-),
ISLE008.5,D.K. (10),Live At The Edge,12th Isle,LP,,2020,14694990,Uncategorized,2022-02-23 00:06:20,,,
ISLE009,Vague Imaginaires,L'Île Sous l'Eau,12th Isle,"12"", EP",,2020,15489480,Uncategorized,2021-07-05 01:40:48,,,
825646997633,Biffy Clyro,Puzzle,14th Floor Records,"CD, Album, RE",,0,12351357,Uncategorized,2022-03-04 15:25:22,,,
5051865614524,Biffy Clyro,Only Revolutions,"14th Floor Records, Warner Bros. Records","CD, Album",,2009,2168924,Uncategorized,2022-03-04 15:26:46,,,
2NDRP12005,Leon Day,Green Ranger,2nd Drop Records,"12""",,2008,1549691,Various,2019-05-02 19:58:16,Mint (M),Generic,
2NDRP12007,Ramadanman,Revenue,2nd Drop Records,"12""",,2009,1792348,Classics,2019-05-02 19:58:40,Mint (M),Generic,
3024-ANU1,Anunaku,Stargate EP,3024,"12"", EP",,2020,14711491,Uncategorized,2022-03-02 12:51:06,,,
GAD 0010 CD,Pixies,Bossanova,4AD,"CD, Album, RE",,0,8865533,Uncategorized,2022-03-04 14:59:29,,,
Gad 0012 cd,Cocteau Twins,Heaven Or Las Vegas,4AD,"CD, Album, RE, RM",,0,22214308,Uncategorized,2022-03-04 15:10:56,,,
GAD 8030 CD,Pixies,Surfer Rosa & Come On Pilgrim,4AD,"CD, Album, Comp, RE",,2003,6568981,Uncategorized,2022-03-04 14:51:35,,,
GAD 905 CD,Pixies,Doolittle,4AD,"CD, Album, RE",,0,5923509,Uncategorized,2022-03-04 14:50:46,,,
5GT021,ST AGNIS,ॐ मणि पद्मे हूँ,5 Gate Temple,"Cass, S/Sided, MiniAlbum, Ltd + File, AIFF, FLAC, ",,2022,23927285,Uncategorized,2022-10-10 10:34:30,,,
5GTERRAFIRMA,John T. Gast,Kings X,5 Gate Temple,"12""",,2019,14428562,Uncategorized,2021-08-03 02:36:05,Mint (M),Mint (M),
5GTJL10,Junior Loves,Yantlet / Grain,5 Gate Temple,"10""",,2020,16430406,Uncategorized,2021-07-04 13:44:33,,,
"679003CDLP, 0927 43568 2",The Streets,Original Pirate Material,"679, 679, Locked On","CD, Album",,2002,45155,Uncategorized,2022-03-04 11:56:50,,,
PMAWS 005,Mickey Pearce,Wam Barzz,81,"12""",,2015,7042825,Sell,2019-05-01 22:10:51,Mint (M),Generic,
PMAWS015,Lamont (12),Detached,81,"12"", EP",,2018,12974773,Picks,2019-05-01 21:20:05,Mint (M),Generic,
ABA12013,The Shanti-Ites,The Kings Highway / I Fear No Evil,Aba-Shanti-I,"12"", Maxi",,2019,14158211,Uncategorized,2021-08-21 03:49:42,,,
ABA12016,The Shanti-Ites,Urban Rites / Rejoice,Aba-Shanti-I,"12""",,2020,15917858,Uncategorized,2020-10-21 22:05:52,,,
ABA12017,The Shanti-Ites,Horn Of Africa / Lightening,Aba-Shanti-I,"12""",,2020,15917859,Uncategorized,2020-10-21 22:05:36,,,
AM001,wzrdryAV,Midnight Visions,Accidental Meetings,"Cass, Album, Ltd, Mixed, C40",,2021,17945290,Uncategorized,2022-03-04 10:19:35,,,
AM003V,Angel Rocket,AM003,Accidental Meetings,"12""",,2021,21261721,Uncategorized,2022-10-10 10:38:46,,,
AM005,Best Available Technology,Fixing Until Broke,Accidental Meetings,"Cass, Album, Ltd",,2022,23519441,Uncategorized,2022-08-23 08:53:16,,,
WHYT032,"Anunaku, DJ Plead",032,AD 93,"12""",,2020,15615601,Uncategorized,2020-07-23 16:01:43,Mint (M),Near Mint (NM or M-),
WHYT042,Anunaku,042,AD 93,"12""",,2021,18265645,Uncategorized,2021-06-15 03:53:45,Mint (M),Mint (M),
none,Nex Cassel,Tristemente Noto Vol.3,"Adria Costa Records, Unlimited Struggle Records","CDr, Mixtape",,2013,11055809,Uncategorized,2022-03-04 15:23:24,,,
AFULTD.57,Thomas P. Heckmann,Acid Seduction 2,AFU Limited,"12"", EP, RP",,2019,13103074,Uncategorized,2022-09-12 13:09:20,,,
AFUltd.X5,Drax,Drax Trilogy - Special Edition,Afu Limited,"12"", Ltd, RE, RM, RP, S/Edition, Red",,2020,16188128,Uncategorized,2021-07-04 13:46:25,,,
AGG011,Jah Stitch,Give Jah The Glory,Aggrovator,"7"", RE",,2013,5186455,Uncategorized,2020-09-20 08:25:32,Near Mint (NM or M-),,
anno-007,Significant Other (3),Oblivion,anno (2),"12""",,2021,18688192,Uncategorized,2022-10-10 10:40:23,,,
ANS3000,Anthony Naples,Fog FM ,ANS,"2xLP, Album",,2019,13750053,Uncategorized,2022-03-07 03:31:07,Mint (M),Mint (M),
ANSIA001,Piezo (2),Gattomatto,Ansia,"12"", W/Lbl",,2016,9248744,Picks,2019-05-01 21:53:45,Near Mint (NM or M-),Generic,
ANSIA002,Piezo (2),Parrots,Ansia,"12"", W/Lbl",,2018,11427116,Picks,2019-05-02 20:04:02,Mint (M),Generic,
ANSIA004,Piezo (2),ANSIA004,Ansia,"12"", EP",,2019,14445231,Uncategorized,2022-03-21 11:35:21,,,
7900-1,Alfa Mist,Two For Mistake,Anti-,"10"", EP",,2022,22530404,Uncategorized,2022-04-07 19:36:52,,,
AMBLP 3902,Aphex Twin,Selected Ambient Works 85-92,Apollo,"2xLP, Album",,0,6379671,Uncategorized,2021-07-05 01:44:18,,,
"ATA32, COMM009",Senyawa,Alkisah,"Artetetra, Communion (2)","Cass, Ltd",,2021,17522218,Uncategorized,2022-03-04 10:45:31,,,
"ATT10""-015",Johnny Clarke / Cornell Campbell / Horace Andy,I Am Lonely / Natural Fact / It's Gonna Be Dread,Attack Gold,"10""",,0,2526530,Uncategorized,2021-07-04 13:41:17,,,
AUS1026,Joy Orbison,The Shrew Would Have Cushioned The Blow EP,Aus Music,"12"", EP",,2010,2165225,Classics,2019-05-02 20:05:33,Mint (M),Mint (M),
none,Various,Avon Garde,Avon Terror Corps,"Cass, Comp, C90",,2020,15100556,Uncategorized,2020-09-20 16:10:30,,,
none,EP/64,57,Avon Terror Corps,"Cass, Album",,2021,18205489,Uncategorized,2022-03-04 10:43:34,,,
BW12,Machinefabriek,Drum Solos,Backwards,"LP, Ltd, Whi",,2014,5511142,Early,2019-05-02 20:20:07,Mint (M),Mint (M),
BANDULU012,Bengal Sound,Never Mind / Short Stay,Bandulu Records,"12"", Ltd, Num",,2019,13921937,Uncategorized,2022-10-10 10:43:51,,,
BSUN001,Big Hands (3),Baroque Sunburst EP,Baroque Sunburst,"12"", EP",,2019,14354635,Uncategorized,2021-07-04 15:14:52,,,
BC 09,Basic Channel,Phylyps Trak II,Basic Channel,"12""",,1994,2167,Uncategorized,2022-09-12 12:59:22,,,
"BRCR-1, none",Chuck Turner / Professor Grizzly,Trying To Conquer I / Fight The Professor,"Basic Replay, CRAT","12""",,2007,996705,Uncategorized,2021-07-04 13:47:51,,,
"BRWM-1, none",White Mice (2),It’s A Shame,"Basic Replay, Intelitec Muzik","7"", RE",,2006,734343,Uncategorized,2020-11-13 07:49:48,Mint (M),Near Mint (NM or M-),
"BRWM-2, none",White Mice (2),Youths Of Today,"Basic Replay, Intelitec Muzik","7"", RE",,2006,726706,Uncategorized,2020-11-13 07:49:48,Mint (M),Near Mint (NM or M-),
BRKC-1,Various,King Culture Presents Cuss Cuss,"Basic Replay, King Culture","12""",,2006,690200,Uncategorized,2021-07-04 13:48:18,,,
BDNLP 006,Ekman,A Pastime For Semi Gods,Bedouin Records,"2x12"", Album",,2020,14682175,Uncategorized,2022-03-07 03:31:07,Mint (M),Mint (M),
BDNOG 006,Mars89,"Cold Concrete, Wet Asphalt ",Bedouin Records,"Cass, Ltd, Mixed",,2021,21489724,Uncategorized,2022-03-23 07:58:45,,,
BH 033,Ossia (2),Control / Information / Version,Berceuse Heroique,"2x12"", 180",,2016,8983592,Uncategorized,2022-03-16 06:59:25,Near Mint (NM or M-),Near Mint (NM or M-),
BH 062,Ossia (2),The Marzahn Versions,Berceuse Heroique,"12"", EP",,2019,14341953,Uncategorized,2020-09-19 22:21:49,Mint (M),,
BH041,Ossia (2),Gridlock,Berceuse Heroique,"12""",,2017,10488407,Uncategorized,2021-08-03 02:37:13,Mint (M),,
ACRE054,DJ Khalab,Tiende! (Feat. Clap! Clap!) / Substance,Black Acre,"7"", Ltd",,2015,6968951,Early,2019-05-02 19:59:07,Mint (M),Generic,
BOP009,Cop Envy,Total End,Black Opal,"12""",,2016,9031176,Uncategorized,2022-05-09 05:19:32,Mint (M),Mint (M),
BLACKEST 045 ,Secret Boyfriend,Memory Care Unit,Blackest Ever Black,"LP, Album",,2016,8172593,Uncategorized,2022-02-23 00:08:23,,,
BLACKEST023,Secret Boyfriend,This Is Always Where You've Lived,Blackest Ever Black,LP,,2013,5161288,Uncategorized,2022-02-23 00:07:39,,,
Blackest074,Ossia (2),Dub Hell / Devil's Dance,Blackest Ever Black,"10"", Single, Ltd",,2018,12001473,Uncategorized,2021-08-03 02:37:18,Mint (M),,
BLACKEST075,Ossia (2),Devil's Dance,Blackest Ever Black,2xLP,,2019,13221590,Uncategorized,2021-07-04 14:08:03,,,
BLACKESTLP012 ,Af Ursin,Aura Legato ,Blackest Ever Black,"LP, Album, Ltd, RE, RM",,2016,8664605,Uncategorized,2022-02-23 00:10:40,,,
10-BLX 017,Denis Nolan,Why Wicked Man / Black Revolutian,Blakamix,"10""",,2005,2029668,Uncategorized,2021-07-04 13:44:58,,,
BLK 043,Mali Blakamix,Retaliation,Blakamix,"7"", Single",,2019,14587887,Uncategorized,2021-07-04 13:21:01,,,
BLKMCX 007,Jah Woosh,Fire In A Blakamix,Blakamix,"Cass, Album, Ltd",,1993,15549851,Uncategorized,2022-03-04 10:05:23,,,
BLKMCX 009,Various,Ragga Culture 2,Blakamix,"Cass, Album",,1993,15747937,Uncategorized,2022-03-04 10:14:30,,,
BLKMCX016,Mixman,Seek And You Will Find - The Dub Pieces,Blakamix,"Cass, Album",,1995,8484827,Uncategorized,2022-03-04 10:13:52,,,
BLKMX 011,Mixman,The Early Dub Tapes,Blakamix,"Cass, Album",,1994,15644544,Uncategorized,2022-03-04 10:02:43,,,
BLKM023,Mixman,Antiquities / Falasha Dance,Blakamix Gold Edition,"12"", RP",,2021,18237982,Uncategorized,2021-07-04 14:01:25,,,
BLNK008,AudioBoyz,Danger,Blank Mind,"12""",,2016,8954422,Various,2019-10-17 12:53:58,Mint (M),Mint (M),
BLNK015,Big Hands (3),Ossario,Blank Mind,"12""",,2021,18323845,Uncategorized,2021-07-04 13:49:51,,,
BLNK016,Various,Comme De Loin,Blank Mind,"LP, Album",,2021,19203718,Uncategorized,2021-07-04 13:49:49,,,
BAFT 02,The Congos,"Congoman 12"" EP",Blood & Fire,"12""",,1996,397935,Uncategorized,2021-07-04 14:00:14,,,
Bloom 5,Kubus (2) & Aardvarck,Blööm 5,Bloom,"12"", Ltd, W/Lbl",,2010,2302482,Uncategorized,2021-07-05 01:42:06,,,
BAM001,Human Resources (4),BAM001,Body Action Music,"12""",,2019,13597676,Picks,2019-11-03 19:57:08,Mint (M),Near Mint (NM or M-),
BKV010,Rer Repeter,In Fine Style,Bokeh Versions,"Cass, Album",,2017,10300536,Uncategorized,2022-01-18 04:11:42,,,
BKV011,Mars89,Lucid Dream EP,Bokeh Versions,"Cass, EP, Ltd, c40",,2017,10455550,Uncategorized,2022-03-04 10:29:25,,,
BKV012,Low Jack vs Time Cow,Glacial Dancehall 2,Bokeh Versions,"Cass, Ltd, Mixed",,2017,10747510,Various,2019-11-12 10:07:16,,,
BKV022,Sunun,Ooid,Bokeh Versions,"12""",,2018,12751419,Uncategorized,2021-07-05 01:52:09,,,
BKV026,Bad Tracking,Widower EP,Bokeh Versions,"12"", EP",,2019,14336834,Uncategorized,2021-07-05 01:52:03,,,
BKV037,Rer Repeter,Bad Twang,Bokeh Versions,"LP, Album",,2021,19355392,Uncategorized,2021-08-21 04:16:39,,,
BKV024,Sikka Rymes,Love Di People EP,"Bokeh Versions, Duppy Gun Productions","12"", EP",,2019,13473855,Uncategorized,2020-09-20 08:29:08,,,
none,G Sudden,Bunout Boss,"Bokeh Versions, Duppy Gun Productions","Cass, EP, Ltd",,2020,16055113,Uncategorized,2022-03-04 10:41:44,,,
"BKV014, NC12005",Seekers International,RunComeTest EP,"Bokeh Versions, No Corner","12"", EP",,2017,11161848,Various,2019-05-01 21:43:23,Mint (M),Mint (M),
BOOMARM 015 ,Lokal Affair,Seremunia EP,Boomarm Nation,"12"", EP, Ltd",,2018,11818097,Uncategorized,2021-06-15 03:53:45,Mint (M),Mint (M),
BKEDITDS04,Zuli (4),One,Boomkat Editions,Cass,,2020,15514960,Uncategorized,2020-09-20 16:09:49,,,
BKEDITDS06,Kelman Duran,Hasina,Boomkat Editions,"Cass, Album",,2020,15593993,Uncategorized,2020-09-20 16:06:58,,,
box clever 005,Lurka,Return / Stabiliser,Box Clever,"10""",,2011,2809657,Various,2019-05-02 20:00:33,Mint (M),Generic,
BFDM018,Simo Cell,5 Party Mix,Brothers From Different Mothers,"12"", EP",,2018,12574230,Various,2019-05-01 21:25:42,Mint (M),Mint (M),
BFDM022,Hajj,Dédicace À Personne,Brothers From Different Mothers,"10""",,2020,15453608,Uncategorized,2021-08-21 03:45:16,,,
CANT003,Zumvo,Разводы,CANT (2),"Cass, Album, Ltd",,2020,15618626,Uncategorized,2022-03-04 10:18:30,,,
CHANT 9,Tribe Of Colin,LIONSPRINTCOMPLETE INTENTHOUSAND PRACTICESTHUS COMEONE,Chant (7),LP,,2018,12220449,Uncategorized,2021-07-05 01:41:34,,,
"WBRCD4, 7243 8 45599 2 2",Massive Attack,Mezzanine,"Circa, Circa, Virgin, Virgin","CD, Album",,1998,12498472,Uncategorized,2022-03-04 15:45:17,,,
CLAQUEMUSIQUE016,Donato Dozzy,Cassandra,Claque Musique,"12""",,2015,7103146,Uncategorized,2022-03-23 03:48:17,Mint (M),Mint (M),
CBS021,Randomer,Concierge,Clone Basement Series,"12""",,2016,8293133,Early,2019-05-02 20:06:46,Mint (M),Generic,
"495347 2, 4953472000",The Clash,London Calling,"Columbia, Columbia","CD, Album, RE, RM",,1999,644773,Uncategorized,2022-03-04 11:46:07,,,
CLREU005,Scientist Meets Hempress Sativa,In Dub,Conquering Lion Records,"LP, Album",,2018,11362681,Uncategorized,2020-06-19 06:41:39,Mint (M),Mint (M),
COUNT02,Detroit Syndrome,Count 02,Counter 99,"12"", EP",,2017,11149474,Various,2019-05-02 20:09:36,Mint (M),Generic,
cres cd085,My Bloody Valentine,Tremolo E.P.,Creation Records,"CD, EP, RP",,0,6840731,Uncategorized,2022-03-04 14:55:46,,,
CT01,Prince Far I & Black Skin The Prophet / Prince Far I,Armegeddon,Cry Tuff,"7"", Single, RE",,2011,2800075,Uncategorized,2021-08-21 03:33:53,,,
DDS047,Demdike Stare,Drum Machines,DDS,"Cass, Mixtape",,2021,17927452,Uncategorized,2022-03-04 10:29:47,,,
DPL004,Hodge (3),Dusted,Deadplate Records,"12"", EP",,2012,4019634,Early,2019-05-01 21:57:18,Mint (M),Very Good (VG),
DEATH057,Various,"I Had The Craziest Dream: Modern Jazz And Hard​​-​​Bop In Post War London, Vol. 2",Death Is Not The End,"Cass, Album, Comp",,2022,23225954,Uncategorized,2022-10-10 10:41:34,,,
none,No Artist,"London Pirate Radio Adverts, 1984-1993",Death Is Not The End,"Cass, Comp",,2020,17662033,Uncategorized,2022-03-04 10:44:21,,,
MEDI 117V,Kahn (5),Dread: Dubkasm Versions,Deep Medi Musik,"12"", EP, Ltd, W/Lbl",,2020,14770070,Uncategorized,2020-05-13 15:54:12,Near Mint (NM or M-),,
medi-64,Kahn (5),Dread / Late Night Blues,Deep Medi Musik,"12"", RE, RP",,2022,24451526,Uncategorized,2022-10-10 10:35:22,,,
medi-82,Commodo,Shift,Deep Medi Musik,"12""",,2014,6279520,Classics,2019-05-02 20:16:03,Mint (M),Generic,
"DFA 22501, 50999 309903 2 6",LCD Soundsystem,This Is Happening,"DFA, Parlophone","CD, Album, Dig",,2010,2276332,Uncategorized,2022-03-04 15:08:45,,,
GED 24297 DGCD 24297,Sonic Youth,Goo,DGC,"CD, Album",,0,8335324,Uncategorized,2022-03-04 11:51:49,,,
0602527813936,Blink-182,Neighborhoods,"DGC Records, Interscope Records","CD, Album",,2011,5098027,Uncategorized,2022-03-04 23:23:40,,,
0602537502950,Nirvana,In Utero,"DGC, Universal Music Group","CD, Album, RE, RM",,2013,5012299,Uncategorized,2022-03-04 15:21:57,,,
8602527779089,Nirvana,Nevermind,"DGC, Universal Music Group International, Sub Pop","CD, Album, RE, RM",,2019,15180958,Uncategorized,2022-03-04 14:56:32,,,
DIFF005,Various,Weightless Volume 2,Different Circles,"12"", EP",,2017,9730196,Picks,2019-05-02 20:08:53,Mint (M),Generic,
DTR7003,Jah Warrior,Babylon Shall Fall,Digital Traders Records,"7"", RE,  ",,2015,7395512,Uncategorized,2020-10-21 22:10:04,,,
DISK 014 ,Bambounou,Parametr Perkusja Ep ,Disk (5),"12"", EP",,2018,12078342,Picks,2019-05-01 21:29:16,Mint (M),Mint (M),
dmz 030,Digital Mystikz,2 Much Chat / Coral Reef,DMZ,"12"", 180",,2013,5181355,Uncategorized,2020-02-15 21:44:00,Near Mint (NM or M-),,
399YTIVIL,Hodge (3) / Bruce (40),Amor Fati (Peverelist Remix) / Tilikum (Hodge Remix),Dnuos Ytivil,"12"", EP",,2015,7497082,Early,2019-05-01 21:59:28,Mint (M),Generic,
799YTIVIL,Batu (4),Spooked / Clarity (Dismantled),Dnuos Ytivil,"12""",,2013,5145194,Early,2019-05-02 20:12:33,Mint (M),Generic,
989YTIVIL,Via Maris,Swarm ,Dnuos Ytivil,"12""",,2017,9773447,Sell,2019-05-01 22:11:49,Mint (M),Mint (M),
DYHP004,Sunun + Jiinx,Ember,do you have peace?,"Cass, Mixtape",,2021,17686267,Uncategorized,2022-03-04 11:04:57,,,
DYHP008,"Intel Mercenary, Wilted Woman",IMWW,do you have peace?,Cass,,2022,23831498,Uncategorized,2022-08-23 08:52:07,,,
DEX004,Grim Lusk,SUNP0101 ,Domestic Exile,"12""",,2018,12327601,Various,2019-05-15 09:17:51,Mint (M),Mint (M),
DNAM 1,Ugandan Methods / Prurient,Dial B For Beauty,Downwards,"12"", Ltd, Blu",,2014,6146883,Uncategorized,2021-06-28 07:11:43,,,
DNLP50,NONEXISTENT (2),NONEXISTENT,Downwards,"LP, Album",,2021,20952202,Uncategorized,2022-02-18 09:49:48,,,
DUNNO004,Lutto Lento,My Number One High / Take Me Down The Dunes,DUNNO Recordings,"7"", Single",,2016,8670871,Uncategorized,2022-08-23 08:46:13,,,
DURK014,Otik,Acne Downs,Durkle Disco,"12"", EP",,2016,9791746,Sell,2019-05-01 22:00:59,Mint (M),Generic,
ELP44,Serpente (3),Parada,Ecstatic,"LP, Num",,2019,13816951,Uncategorized,2020-02-15 21:43:06,Mint (M),,
GRVTS016,King Doudou,Yin-Yang Street Mix,Editions Gravats,"Cass, Comp, Mixed, Mixtape",,2020,14767283,Uncategorized,2020-07-23 16:01:14,Mint (M),Mint (M),
GRVTSBZH4,DJ Fusiller,Sacrilège Vénération Vol. 1,Editions Gravats,"Cass, Mixed, Mixtape",,2020,15530788,Uncategorized,2020-09-20 16:06:42,,,
7559-60669-2,The Stooges,Fun House,Elektra,"CD, Album, RE, RP",,0,7387113,Uncategorized,2022-03-04 15:02:05,,,
"CDFLOOR26, 0094635303520",Placebo,Meds,"Elevator Music (4), Virgin","CD, Album, RP",,2008,648496,Uncategorized,2022-03-04 14:42:17,,,
"3C 064-18391, 3C 064 - 18391",Pino Daniele,Pino Daniele,"EMI, EMI","LP, Album, Ltd, RE",,2015,8567321,Uncategorized,2021-08-21 03:28:13,,,
"7243 5 39821 2 6, 539 8212",David Bowie,Best Of Bowie,"EMI, EMI","2xCD, Comp, RM",,2002,2368260,Uncategorized,2022-03-04 15:28:40,,,
ENMX-10,Chaperone (2),Jazz From the Shelter,enmossed,"Cass, Ltd",,2020,15741631,Uncategorized,2022-03-04 10:34:02,,,
ENXPL02,Sebastiano Carghini,Blue,"enmossed, Psychic Liberation","Cass, Album, Ltd",,2020,15894865,Uncategorized,2020-10-21 22:25:56,,,
ENXPL08,Russian Tsarlag / Secret Boyfriend,Russian Tsarlag / Secret Boyfriend,"enmossed, Psychic Liberation","Cass, Album, Ltd",,2021,20154850,Uncategorized,2022-03-04 08:56:23,,,
88985377712,Travis Scott (2),Birds In The Trap Sing McKnight,"Epic, Grand Hustle","CD, Album",,2016,9437277,Uncategorized,2022-03-04 11:43:32,,,
88697453172,Incubus (2),Monuments And Melodies,"Epic, Immortal Records (3), Sony Music","2xCD, Comp, Dig",,2009,3850273,Uncategorized,2022-03-04 15:29:48,,,
19439799031,The Jimi Hendrix Experience,Live In Maui,"Experience Hendrix, Legacy, Sony Music","Ltd + 3xLP, Album + Blu-ray, Multichannel, Dig",,2020,16427592,Uncategorized,2021-07-05 02:09:51,,,
RTDCD 67,Joy Division,Unknown Pleasures,"Factory, Rough Trade","CD, Album, RE",,1988,325441,Uncategorized,2022-03-04 14:44:42,,,
JSLAFCD01,Jorja Smith,Lost & Found,FAMM (2),"CD, Album",,2018,12995606,Uncategorized,2022-03-04 15:24:17,,,
"0025218000222, FCD-CCR-2",Creedence Clearwater Revival Featuring John Fogerty,Chronicle (The 20 Greatest Hits),"Fantasy, Fantasy","CD, Comp, RE, RM",,0,21882454,Uncategorized,2022-03-04 14:39:48,,,
none,The Dub Organiser,The Herb,Fashion Records,"7""",,2021,18205912,Uncategorized,2021-07-04 13:29:04,,,
FOD001,Ascot/Ww,Welcome To The Wicked Land,Fear Of Dog,"12"", EP",,2020,16285935,Uncategorized,2021-07-05 02:09:22,,,
FOD002,Mike Ash,Bleep Yourself,Fear Of Dog,"12"", EP",,2021,19620880,Uncategorized,2022-03-16 17:13:07,,,
982 183-8,The Cure,Pornography,"Fiction Records, Polydor, Universal","CD, Album, RE, RM",,2005,7612600,Uncategorized,2022-03-04 11:58:30,,,
FT006,Andy Mac (7),"First & Last, Sennen",Fleetway Tapes,"Cass, Mixtape",,2021,18693550,Uncategorized,2022-03-04 11:04:29,,,
"CDFOODS 89, 7243 8 83570 2 9, 72438835702 9, 72438",Blur,Beetlebum,"Food, Parlophone, Parlophone, Parlophone, EMI","CD, Single, CD2",,1997,663446,Uncategorized,2021-06-10 10:41:44,Near Mint (NM or M-),Near Mint (NM or M-),
FSD 018,Ranking Dread,Africa,Freedom Sounds,"7"", Single, RE",,2010,2761490,Uncategorized,2021-07-04 13:33:52,,,
FKR051-2,The Drums (2),Portamento,Frenchkiss Records,"CD, Album",,2011,3706774,Uncategorized,2021-06-10 10:41:44,Near Mint (NM or M-),Near Mint (NM or M-),
FRJ016,Atki2,Galaxy Zoo ,Frijsfo Beats,"7""",,2014,5861164,Uncategorized,2021-07-04 13:27:08,,,
FRINGE WHITE 002,Lurka / Batu (4),Kneqq / Struck,Fringe White,"12"", W/Lbl",,2017,9914490,Picks,2019-05-02 20:13:03,Mint (M),Generic,
FRINGEWHITE001,"Batu (4), Lurka",Fringe White EP,Fringe White,"12"", Ltd",,2016,8419453,Picks,2019-05-01 21:55:57,Near Mint (NM or M-),Generic,
FRINGEWHITE003,Batu (4) & Lurka,Curved,Fringe White,"12"", Ltd",,2020,14746498,Uncategorized,2020-03-02 21:54:33,Mint (M),Generic,
FUCKPUNK002RP,Asda,Three Tracks,FuckPunk,"10"", RP",,2018,12185465,Uncategorized,2020-09-22 18:20:22,,,
FUCKPUNK005,MXLX,^___^,FuckPunk,"12"", Album",,2015,7788384,Uncategorized,2021-07-05 01:51:43,,,
FUCKPUNK008,DJ APE,C.Giles Showed Me Some Shit / Untitled FIII,FuckPunk,"8"", Shape",,2016,9561358,Uncategorized,2021-07-04 13:40:52,,,
FUCKPUNK010,Bad Tracking,Clanger,FuckPunk,"12""",,2018,12185436,Uncategorized,2021-07-05 01:51:20,,,
FUCKPUNK2K20,DJ Oa$is,Goat Life,FuckPunk,"7""",,2020,15932634,Uncategorized,2020-09-22 18:19:59,,,
FT049,Seekers International,BadmanBoogie / KillDemSound,Future Times,"7""",,2019,14460199,Uncategorized,2021-08-21 03:44:43,,,
"AOS-004, AOS-1",Omar-S / Oasis (3),004,"FXHE Records, FXHE Records","12"", W/Lbl, Sta",,2016,9060418,Uncategorized,2022-03-23 03:48:17,Mint (M),Mint (M),
GT-004,Gaia Tones,#004,Gaia Tones,"7""",,2020,17095398,Uncategorized,2022-01-11 04:32:08,,,
GT001,Gaia Tones,#001,Gaia Tones,"12""",,2019,14301385,Uncategorized,2021-06-15 03:53:45,Mint (M),Mint (M),
GT002,Gaia Tones,#002,Gaia Tones,"12""",,2020,14850790,Uncategorized,2021-06-15 03:53:45,Mint (M),Mint (M),
GT003,Gaia Tones,#003,Gaia Tones,"12""",,2020,15677790,Uncategorized,2021-06-15 03:53:45,Mint (M),Mint (M),
B0017838-02,Chief Keef,Finally Rich,"Glory Boyz Entertainment, Interscope Records","CD, Album",,2012,7143154,Uncategorized,2022-03-04 11:55:50,,,
"828 553 - 2, 828 553-2",Portishead,Dummy,"Go! Beat, Go! Beat","CD, Album",,1994,12393262,Uncategorized,2022-03-04 15:46:28,,,
GMV08,D.K. (10),The Ancient Kingdom,Good Morning Tapes,"12"", EP",,2021,17936887,Uncategorized,2022-03-23 03:48:17,Mint (M),Mint (M),
GMV09,Tapes (2),Silence Please,Good Morning Tapes,"LP, MiniAlbum",,2021,18306154,Uncategorized,2022-02-17 05:15:28,,,
gca009,DJ Lag,Stampit ,Goon Club Allstars,"12"", EP",,2018,12641402,Picks,2019-05-01 21:13:42,Mint (M),Mint (M),
GOR-009,Barry Brown,Politician,Gorgan,"7"", RE",,0,4134918,Uncategorized,2020-09-20 08:27:23,Near Mint (NM or M-),,
GOR-012,Johnny Clarke / Jah Stitch,A Man Like Me / Greedy Girl,Gorgan,"7"", RE",,0,3408380,Uncategorized,2020-10-21 22:23:32,,,
00,Big Hands (3),A / B (Big Hands Remix),Graft Label,"12""",,2021,20774446,Uncategorized,2022-01-12 15:58:26,,,
GREL170,Augustus Pablo,King David's Melody,Greensleeves Records,"LP, Album, RE",,2017,9841813,Uncategorized,2020-06-19 06:41:39,Mint (M),Mint (M),
SPCTR011,Heith,Laguna,Haunter Records,"10"", EP, Ltd",,2018,12625236,Uncategorized,2020-09-19 22:20:35,Mint (M),,
HDL004,Headless Horseman (3),Headless Horseman 004,Headless Horseman,"12"", W/Lbl",,2014,5321501,Uncategorized,2021-06-01 06:41:32,Very Good Plus (VG+),Generic,
HEK 025,Hodge (3),HEK025,Hemlock Recordings,"2x12"", EP",,2015,6678424,Picks,2019-05-02 20:14:34,Mint (M),Mint (M),
HEK015,Randomer,Scruff Box / Get Yourself Together,Hemlock Recordings,"12""",,2012,3410371,Classics,2019-05-02 20:14:56,Mint (M),Mint (M),
HES014,Joe (43),Claptrap,Hessle Audio,"12""",,2010,2307492,Classics,2019-05-02 20:18:17,Mint (M),Generic,
HES015,Elgato,Tonight,Hessle Audio,"12""",,2010,2489523,Classics,2019-05-02 20:19:08,Mint (M),Generic,
HES018,Peverelist,Dance Til The Police Come,Hessle Audio,"12""",,2011,2801759,Classics,2019-05-02 20:18:00,Mint (M),Generic,
HES019,Objekt,Cactus,Hessle Audio,"12""",,2012,3394241,Classics,2019-05-02 20:17:40,Mint (M),Generic,
HES024,Peverelist & Kowton,Raw Code,Hessle Audio,"12""",,2013,4262703,Classics,2019-05-02 20:18:38,Mint (M),Generic,
HES030,Batu (4),Marius EP,Hessle Audio,"12"", EP",,2017,10446667,Picks,2019-05-01 21:59:59,Mint (M),Mint (M),
HES033,Pangaea (4),Bone Sucka,Hessle Audio,"12""",,2018,11567639,Various,2019-05-01 21:51:54,Mint (M),Generic,
HESLP004,Bruce (40),Sonder Somatic,Hessle Audio,"2x12"", Album",,2018,12778910,Uncategorized,2022-03-25 06:59:00,Mint (M),Mint (M),
HPS 086,Olive Ranks,85 Shack,Hi Power Music,"7""",,0,4163496,Uncategorized,2021-07-04 13:30:22,,,
HPS-0136,Blackout Ja Feat. Chantaleaze / The Taxi Gang,Baltimore Revolution / Baltimore Revolution Dub ,Hi Power Music,"7""",,2015,7950597,Uncategorized,2021-08-21 03:42:52,,,
HR13,Sebastiano Carghini,Delicate Droplets,Hideous Replica,"CD, Album, Ltd",,2016,9498010,Uncategorized,2021-07-05 01:59:49,,,
HMZ005,Giesse,Goji,HomeMadeZucchero,"12"", Ltd",,2019,14235785,Uncategorized,2021-06-01 06:41:32,Near Mint (NM or M-),Near Mint (NM or M-),
HJP095,Madteo,Str8 Crooked,Honest Jon's Records,"12"", EP",,2021,20062252,Uncategorized,2021-09-09 02:52:00,,,
HOS356,Silent Servant,"Negative Fascination (Extended 12"" Mixes)",Hospital Productions,"12""",,2012,3887702,Uncategorized,2021-06-28 07:11:56,,,
HOTLINE002,Lurka,Full Clip / BR Greaze,Hotline Recordings,"12"", EP, RP",,2017,11150286,Uncategorized,2020-09-20 08:37:11,,,
Hotline013,Beneath (3),Seeus,Hotline Recordings,"12"", Single",,2017,9919605,Uncategorized,2022-03-07 03:31:07,Very Good (VG),Very Good Plus (VG+),
Hotline015,Lurka,Stush / Wrapped Up,Hotline Recordings,"12""",,2017,11181244,Picks,2019-05-01 22:05:23,Mint (M),Mint (M),
PRPLP036,King Tubby Meets The Ring Craft Posse,Lost Dub From The Vault,Hulk,"LP, Album",,2019,14259547,Uncategorized,2020-06-19 06:41:39,Mint (M),Mint (M),
H036,Piezo (2),Perdu,Hundebiss,"LP, Album, Ltd",,2020,15993816,Uncategorized,2021-07-05 01:59:13,,,
HDB117,Nazar (6),Enclave,Hyperdub,"12"", EP",,2018,13086138,Various,2019-05-01 21:18:43,Mint (M),Mint (M),
0777 7 13159 2 3,R.E.M.,Reckoning,I.R.S. Records,"CD, Album, RE",,1992,20360764,Uncategorized,2022-03-04 15:04:52,,,
"0777 7 13158 2 4, 713158-2, 7 13158 2",R.E.M.,Murmur,"I.R.S. Records, I.R.S. Records, I.R.S. Records","CD, Album, RE, EMI",,1992,21989062,Uncategorized,2022-03-04 15:06:15,,,
IDLE013,"Outboxx, Atki2",Tribute to Disc Shop Zero,Idle Hands,"10""",,2017,10913282,Sell,2019-05-01 22:06:33,Mint (M),Generic,
IDLE063,O$VMV$M,Phase 4 / Witch Linen,Idle Hands,"10"", EP",,2020,16216404,Uncategorized,2021-08-21 03:48:46,,,
ISS003,Skee Mask,808BB,Ilian Tape,"12""",,2019,13120236,Uncategorized,2022-02-23 00:11:58,,,
ITLP10,Jake Muir,Mana,Ilian Tape,"LP, Album",,2021,21003544,Uncategorized,2022-02-23 00:06:39,,,
"7243 8 12424 0 7, CDVUS220",30 Seconds To Mars,30 Seconds To Mars,"Immortal Records (3), Virgin","CD, Album, Enh, RE, Son",,0,15853550,Uncategorized,2022-03-04 15:32:48,,,
INSMS01,Vera Dvale,Garden Of Feelings,"In The Neighborhood Of The Sun, The Moon And The Stars","LP, Album",,2021,17377807,Uncategorized,2022-02-18 09:50:26,,,
1STONECIRCLESAMPLER,Stonecirclesampler,Save The Stones!,Industrial Coast,"Cass, Album",,2021,21222739,Uncategorized,2022-03-04 11:22:05,,,
ICEND,endorphin (13),It's got this vitality that sort of feels like it's half real,Industrial Coast,"Cass, Album",,2020,15758539,Uncategorized,2022-03-04 10:16:49,,,
none,Scott King (3),Roy Castle & The Vandellas,Industrial Coast,"Cass, Ltd, Blu",,2020,15893144,Uncategorized,2022-03-04 10:04:12,,,
none,TSM (8),NOISE-HEAD - Lowest Form Home Recordings 1990-1999,Industrial Coast,"Cass, Ltd",,2021,18472759,Uncategorized,2022-03-04 10:36:56,,,
none,The Four Plugs,Lost Tapes 1979-80,Industrial Coast,"Cass, Album, Comp, Ltd, 50 ",,2021,18331843,Uncategorized,2022-03-04 10:46:56,,,
none,Scott King (3),War Story,Industrial Coast,"Cass, Ltd",,2020,16572789,Uncategorized,2022-03-04 11:06:06,,,
IMRV016,Mikael (14),Wildfire,Innamind Recordings,"10""",,2016,8540115,Various,2019-05-01 22:05:52,Mint (M),Generic,
ITKC01,White Mice (2),Step By Step,Intelitec Muzik,"7"", Single",,2019,14550402,Uncategorized,2020-05-13 15:54:53,Near Mint (NM or M-),,
9863524,The Killers,Hot Fuss,Island Records,"CD, Album",,2005,2765776,Uncategorized,2022-03-04 15:20:47,,,
CS26,Delroy Wilson,Just Say Who,Jackpot (2),"7"", RE",,2013,4990273,Uncategorized,2020-10-21 22:09:22,,,
JFR1228,The Creation Steppers,Kill Nebuchadnezzar,Jah Fingers Music,"12""",,2017,10336952,Uncategorized,2021-07-04 13:45:34,,,
SHAKA 953,Jah Shaka Featuring Max Romeo,Dub Salute 4,Jah Shaka Music,"LP, Album",,1995,860535,Various,2019-05-01 21:22:34,Mint (M),Mint (M),
SHAKA2101,Young Warrior,Master's Choice,Jah Shaka Music,"7""",,2021,19145926,Uncategorized,2021-08-21 03:31:36,,,
JW736,Jah Warrior & Natty Princess Horns,Revolutionary Mind,Jah Warrior Records,"7"", Single",,2021,18102736,Uncategorized,2021-07-04 13:33:25,,,
JRLP004,Lee Perry,Skanking With The Upsetter - Rare Dubs 1971-1974,Jamaican Recordings,"LP, Comp",,2001,95075,Uncategorized,2021-09-20 22:48:22,Near Mint (NM or M-),Near Mint (NM or M-),
JRLP039,Lee Perry,Dub Treasures From The Black Ark - Rare Dubs 1976-1978,Jamaican Recordings,"LP, Comp",,2010,2591108,Uncategorized,2021-09-20 22:48:22,Mint (M),Mint (M),
JAMWAX11,Vernon Maytone,Old Pan Sound,Jamwax,"7"", RE",,2016,8949650,Uncategorized,2022-05-09 05:19:26,Mint (M),Mint (M),
JAMWAX11,Vernon Maytone,Old Pan Sound,Jamwax,"7"", RE",,2016,8949650,Uncategorized,2022-05-25 18:14:36,Mint (M),,
JAMWAX12,Pep (11),Crisis,Jamwax,"7"", RE",,2016,9113952,Uncategorized,2022-05-09 05:19:32,Mint (M),Mint (M),
JAMWAX12,Pep (11),Crisis,Jamwax,"7"", RE",,2016,9113952,Uncategorized,2022-05-25 18:14:36,Mint (M),,
JBLP001,Japan Blues,Sells His Record Collection,Japan Blues,LP,,2017,9773171,Uncategorized,2021-07-12 05:35:32,Mint (M),Mint (M),
none,Ranking Dread,Hard Times,Justice (2),"7""",,2016,8698334,Uncategorized,2021-07-04 13:26:11,,,
none,Neville Brown / John Wayne (2),Right Time / Boogie Down,Justice (2),"7"", RE",,0,3748535,Uncategorized,2021-07-04 13:27:50,,,
PSLP 97,Bunny Lee & The Aggrovators,Super Dub Disco Style,"Justice (2), Pressure Sounds","LP, Album, RE",,2018,11664792,Uncategorized,2020-12-02 11:44:06,,,
KHT007,Spirinet,Energy Formula,K-HOLE TRAX,"Cass, Album",,2021,19170388,Uncategorized,2022-03-04 10:39:49,,,
KZN001,Biome (2),Griddled,Kaizen,"12""",,2016,8045702,Picks,2019-05-01 21:56:17,Mint (M),Mint (M),
none,Laure Boer,Agate Et La Pierre De Sable,Kashual Plastik,"Cass, MiniAlbum, Ltd",,2020,17142370,Uncategorized,2022-03-04 10:15:55,,,
KELP011,King Earthquake,The Wrath Of Jah,King Earthquake,"LP, Album",,2015,6978456,Uncategorized,2021-08-20 02:44:34,,,
KH035,Ssiege,Meteora,Knekelhuis,"12"", EP",,2021,17642851,Uncategorized,2021-07-04 13:18:43,,,
KHS 011,Sebastiano Carghini,Tpeso,Kohlhaas,"LP, S/Sided",,2017,11603643,Uncategorized,2021-07-05 01:59:36,,,
Konglomerat01,Seven Sisters (5),The Pursuit Ep,Konglomerat,"23xCass, EP",,2020,15368657,Uncategorized,2022-03-04 10:17:23,,,
LACR-031,Delroy Edwards,Change The World,L.A. Club Resource,"12"", Album, Ltd",,2021,21385045,Uncategorized,2022-01-26 06:16:35,,,
LACR006,Skander,Dirge,L.A. Club Resource,"12""",,2014,5910070,Uncategorized,2022-08-09 09:00:10,,,
LACR015,Delroy Edwards,Kickin Butts!!,L.A. Club Resource,"12"", EP",,2015,6578576,Uncategorized,2022-08-01 02:26:45,,,
LACR020,Delroy Edwards,Hangin' At The Beach,L.A. Club Resource,"CD, Album",,2016,8868425,Uncategorized,2022-01-28 02:41:16,Very Good (VG),Very Good Plus (VG+),
LIES 154,Marcos Cabral,Spell Breaker,L.I.E.S. Records,"LP, Album",,2020,15693784,Uncategorized,2022-01-26 06:10:35,,,
LIES-144,Deecoy,Archives Vol. 2,L.I.E.S. Records,"12"", EP",,2019,14338478,Uncategorized,2022-01-26 06:14:06,,,
LIES-159,DJ Overdose,Emulator Armour,L.I.E.S. Records,"2xLP, Album",,2020,16821966,Uncategorized,2022-09-12 13:25:09,,,
LIES-169,Steve Summers (3),Generation Loss,L.I.E.S. Records,"2xLP, Album",,2021,20306080,Uncategorized,2022-08-09 09:04:06,,,
LIES015,Delroy Edwards,4 Club Use Only,L.I.E.S. Records,"12"", EP",,2012,3830989,Uncategorized,2022-01-26 02:31:21,Very Good Plus (VG+),Generic,
LIES024,Delroy Edwards,White Owl,L.I.E.S. Records,"12""",,2013,4568811,Uncategorized,2022-05-09 05:19:32,Mint (M),Mint (M),
LIES031,Beau Wanzer,Beau Wanzer,L.I.E.S. Records,"12""",,2013,4811329,Uncategorized,2022-05-09 05:19:04,Very Good Plus (VG+),Generic,
LIES039,Marcos Cabral,Capri Social,L.I.E.S. Records,"12""",,2013,5029459,Uncategorized,2022-05-09 05:19:32,Near Mint (NM or M-),Generic,
LIES050,Randomer,Residents,L.I.E.S. Records,"12""",,2014,5864702,Uncategorized,2022-05-09 05:19:04,Very Good Plus (VG+),Generic,
LIES075,33.10.3402,LIES075,L.I.E.S. Records,"12"", S/Edition, W/Lbl",,2016,8525704,Uncategorized,2022-01-26 06:15:09,,,
LIES104,Svengalisghost,TV Live,L.I.E.S. Records,"12"", Album",,2017,11166239,Uncategorized,2022-08-09 09:11:15,,,
LIES118,Fernando Seixlack,Fernando,L.I.E.S. Records,"LP, Album",,2018,12341414,Uncategorized,2022-01-28 02:41:16,Near Mint (NM or M-),Near Mint (NM or M-),
LIES121,Beau Wanzer,Beau Wanzer,L.I.E.S. Records,"12""",,2018,12682307,Uncategorized,2021-08-03 02:37:09,,,
LIES131,TV.OUT,TV.OUT,L.I.E.S. Records,"12""",,2019,13476873,Uncategorized,2022-01-26 06:11:55,,,
LIES150,Delroy Edwards,Slap Happy,L.I.E.S. Records,LP,,2020,14691875,Uncategorized,2021-08-03 02:36:05,Mint (M),Mint (M),
"LIES033, L.I.E.S. 033",Legowelt,Teen Romance,"L.I.E.S. Records, L.I.E.S. Records","12""",,2013,4982497,Uncategorized,2021-06-28 07:11:30,,,
LAGO 4,Jah Wobble's Invaders Of The Heart,Invaders Of The Heart,Lago Records (UK),"12"", M/Print",,1983,61057,Uncategorized,2021-09-20 22:48:22,Near Mint (NM or M-),Very Good Plus (VG+),
LASH01,Weird Weather,Tongue Drum,LASH00,"12"", EP, Maxi",,2020,14869140,Uncategorized,2021-07-05 01:42:39,,,
LASH02,Weird Weather,Succulents,LASH00,"12"", EP, Maxi",,2021,19147597,Uncategorized,2021-08-21 04:17:37,,,
LMIVLP,Sarah Davachi,Antiphonals,Late Music,"LP, Album",,2021,20179525,Uncategorized,2022-03-04 09:25:55,,,
LSR018,JoeFarr,Spectate Ep,Leisure System,"12"", EP",,2016,8549270,Early,2019-05-02 20:08:14,Mint (M),Mint (M),
BZH002,Clara! y Maoupa Mazzocchetti,Meneo,Les Disques De La Bretagne,"12"", Cle",,2018,12248562,Uncategorized,2022-04-01 05:29:11,Very Good Plus (VG+),,
BZH006,King Doudou,Novinha / Tremendo Bumbum,Les Disques De La Bretagne,"12"", Ltd, Cle",,2019,13512184,Uncategorized,2022-04-01 05:29:11,Very Good Plus (VG+),,
BZH007,Low Jack,Jingles du Lieu-dit,Les Disques De La Bretagne,"12"", Album, Cle",,2019,13765512,Uncategorized,2020-09-20 08:29:47,,,
LEJEP001,Kufuki,Dodome Ep,Les Editions Japonais,"12"", Ltd",,2018,11818120,Uncategorized,2021-07-12 05:35:32,Mint (M),Mint (M),
TRAD13 ,DJ Savage,Time Travel Phase I ,Libertine Records (5),"12"", Ltd, W/Lbl, Han",,2019,14450237,Uncategorized,2021-06-01 06:41:32,Near Mint (NM or M-),Generic,
LMS001R,Babe Roots,Babe Roots,Linear Movement,"LP, Album, RP",,2019,15847858,Uncategorized,2022-03-04 09:14:12,,,
LIONCHG7003,J. Robinson (10) Meets Cessman & K Man (3),Ramsgate / Dub,Lion Charge Records,"7""",,2016,8415251,Picks,2019-11-04 18:40:32,Mint (M),Generic,
LIVITY 020 ,Asusu,Hallucinator ,Livity Sound,"12""",,2016,9155008,Picks,2019-05-02 20:04:43,Mint (M),Near Mint (NM or M-),
LIVITY 025 ,Hodge (3),No Single Thing ,Livity Sound,"12""",,2017,10505750,Picks,2019-05-01 22:00:31,Mint (M),Near Mint (NM or M-),
LIVITY027,I-iii,Dolce,Livity Sound,"12""",,2017,10958208,Uncategorized,2022-03-07 03:31:07,Mint (M),Mint (M),
LIVITY032,Toma Kami,Sharp Tool In The Shed / Land Of The Insane,Livity Sound,"12"", Single",,2018,12485238,Picks,2019-05-01 21:23:09,Mint (M),Mint (M),
LIVITY036,Two Shell,Access EP,Livity Sound,"12"", EP",,2019,14229739,Picks,2019-11-07 07:22:50,Mint (M),Mint (M),
LIVITY042,DJ Plead,Going For It E.P.,Livity Sound,"12"", EP",,2020,15993708,Uncategorized,2022-04-01 05:29:11,Near Mint (NM or M-),,
"Livity 009, #9",Peverelist & Asusu / Peverelist & Kowton,MMM & Pangaea Remixes,"Livity Sound, Livity Sound","12""",,2014,5460506,Sell,2019-05-01 22:08:38,Mint (M),Generic,
LT001,Palms Trax,Equation EP,Lobster Theremin,"12"", EP",,2013,4919827,Uncategorized,2022-01-26 02:31:21,Near Mint (NM or M-),Very Good Plus (VG+),
"L&L #125, BKV 049",Felinto (2),Não Tem Volta,"Lovers & Lollypops, Bokeh Versions",Cass,,2022,22095259,Uncategorized,2022-03-04 10:32:45,,,
LLC05,Various,Omnia Vanitas,Lowlife Cartel,"12"", EP, Eme",,2020,16186214,Uncategorized,2022-03-07 03:31:07,Mint (M),Mint (M),
MNBN01,Toma Kami,Dali Bear ,Man Band rec.,"12"", EP",,2017,9472638,Uncategorized,2022-04-16 02:00:30,Near Mint (NM or M-),Near Mint (NM or M-),
"210 694, 210694",Lee Perry,From The Secret Laboratory,"Mango, Mango","LP, Album",,1990,1308246,Uncategorized,2021-09-20 22:48:22,Very Good Plus (VG+),Very Good Plus (VG+),
MDR013,Stromboli (3),Volume Uno,Maple Death Records,"LP, Album",,2017,9721849,Uncategorized,2021-07-05 02:08:00,,,
MDR035,Catholic Block,We Fail,Maple Death Records,"Cass, Album, Ltd",,2020,16000281,Uncategorized,2022-03-04 10:34:50,,,
MDR038,Whitney K,Two Years,Maple Death Records,"CD, Album",,2021,16525944,Uncategorized,2022-03-04 15:18:48,,,
MDR042,Ancient Plastix,S/T ,Maple Death Records,"Cass, Album, Han",,2020,16303229,Uncategorized,2022-03-04 10:51:42,,,
MDR044,Wisecrack (4),Wisecrack,Maple Death Records,"Cass, EP, Ltd, Han",,2020,16096678,Uncategorized,2022-03-04 10:40:06,,,
none,Red Rat,Bun Dem,Maximum Sound,"7""",,2005,12794922,Uncategorized,2021-07-04 13:37:52,,,
MBE005,Paul Daley,MBE005,MBE series,"Cass, Mixtape, Num, C60",,2021,17473300,Uncategorized,2022-03-04 11:18:44,,,
MBE006,Evol,EVOL 808,MBE series,"Cass, Mixtape, Num",,2021,20145922,Uncategorized,2022-03-04 11:19:00,,,
MCDE 1202,Motor City Drum Ensemble,Raw Cuts # 3 / Raw Cuts # 4,MCDE,"12""",,2008,1487139,Various,2019-05-02 20:14:09,Mint (M),Generic,
MR008,Memotone,SHIRO,Memorecs,"Cass, Album",,2021,20784349,Uncategorized,2022-03-04 10:18:58,,,
ORLP17,Augustus Pablo,East Of The River Nile,"Message, Onlyroots Records","LP, Album, RE",,2019,14535161,Uncategorized,2020-06-19 06:41:39,Mint (M),Mint (M),
MINDCUT 08,Myler,Dixies James Ep,Mindcut,"12""",,2016,7830265,Early,2019-05-02 20:07:50,Mint (M),Generic,
MISTY003,Chevel,Tank / Beaviane,Mistry,"12""",,2014,6304509,Picks,2019-05-02 20:10:10,Mint (M),Generic,
MSTRY005,Batu (4),Dekalb / Collate,Mistry,"12""",,2015,7514480,Picks,2019-05-01 21:47:58,Mint (M),Generic,
MSTRY006,Gaunt (6),Crowd Noise / JP / MMRH / SP12,Mistry,"12""",,2015,7823207,Uncategorized,2021-06-01 06:41:32,Near Mint (NM or M-),Generic,
"28 629, 28629",Ströer Duo,Fluchtweg Madagaskar,"Mood Records, Mood Records","LP, Album",,1982,964197,Uncategorized,2021-08-21 03:50:07,,,
MORD010,Ansome,Penny & Pound EP ,Mord,"12"", EP",,2014,6021043,Early,2019-05-02 20:07:26,Mint (M),Generic,
"CDStumm172, 5016025611720",Moby,Play,"Mute, Mute","CD, Album",,1999,2195686,Uncategorized,2022-03-04 12:01:13,,,
MYSTB003,The Prince Stoner,U.V Dub ,Mystery Booms,"7""",,2020,16062786,Uncategorized,2022-03-04 09:00:48,,,
natural009,DJ Seinfeld,Ruff Hysteria,Natural Sciences,"12"", EP",,2017,9930182,Uncategorized,2022-01-26 02:31:20,Near Mint (NM or M-),Generic,
NATURAL055,Various,Embryo Issue #1,Natural Sciences,"12"", Mag + File, MP3, Mixed",,2022,24312275,Uncategorized,2022-10-10 10:42:28,,,
NH008,DJ Plead,Pleats Plead EP,Nervous Horizon,"12"", EP",,2019,13279535,Uncategorized,2022-04-01 05:29:12,Very Good Plus (VG+),,
ndh-003,Babe Roots,State Of Mind / Extent,Newdubhall,"10""",,2020,15229970,Uncategorized,2020-05-13 15:53:19,Near Mint (NM or M-),,
Npr007,The Leeches (2),Fun Is Dead,Nextpunk Records,"CD, Album",,2006,7712838,Uncategorized,2022-03-04 15:33:10,,,
NC007=12,Seekers International,Rootprinciple Remastered Roots Version,No Corner,"LP, Album",,2021,19417642,Uncategorized,2022-10-10 10:45:28,,,
NOSM005,Beneath (3),No Symbols 005,No Symbols,"12"", W/Lbl",,2016,8127805,Early,2019-05-01 21:44:28,Mint (M),Generic,
none,Ossia (2),ВЫСТУПЛЕНИЕ НА ИСКОРКЕ  05/2021,Not On Label,"Cass, Ltd, Mixed, Liv",,2022,21796162,Uncategorized,2022-03-04 11:22:34,,,
none,Ossia (2),"Live At West Germany, Berlin 10.10.2019",Not On Label,"Cass, Liv",,2020,16485108,Uncategorized,2022-03-04 11:24:32,,,
190296916632,AJ Tracey,AJ Tracey,Not On Label (AJ Tracey Self-released),"CD, Album",,2019,13213727,Uncategorized,2022-03-04 11:43:59,,,
BW 03,Corporate Park / Beau Wanzer,Untitled,Not On Label (Beau Wanzer Self-released),"LP, Album",,2015,7544374,Uncategorized,2022-05-09 05:19:32,Mint (M),Very Good Plus (VG+),
BTX 000,Buttechno,СПОРТ,Not On Label (Buttechno Self-released),"12"", Album, Ltd",,2015,7572372,Uncategorized,2022-05-09 05:19:04,Very Good Plus (VG+),Generic,
BTX 000,Buttechno,СПОРТ,Not On Label (Buttechno Self-released),"12"", Album, RP, W/Lbl",,2016,9440558,Uncategorized,2022-07-06 05:16:01,,,
22-29-35-56,Low Jack,Virgin Traf 22 / Grass 29,Not On Label (Low Jack Self-released),"7"", Ltd",,2019,14095588,Uncategorized,2022-04-01 05:29:11,Very Good Plus (VG+),,
none,O.G. Jigg,Originals​/​Remixes,Not On Label (Memotone Self-released),"Cass, Album",,2020,16276546,Uncategorized,2022-03-04 10:55:13,,,
none,Ossia (2),Drones + Melodies,Not On Label (Ossia Self-released),"Cass, MiniAlbum, Promo",,2020,17662246,Uncategorized,2022-03-04 11:00:48,,,
NB006,DJ F16 Falcon,Ici Commence La Nuit,Notte Brigante,"7"", EP",,2021,20584276,Uncategorized,2022-03-04 09:03:03,,,
NB01t,HLM38,Stranger Than Dub,Notte Brigante,"Cass, EP",,2020,16066434,Uncategorized,2022-03-04 10:24:45,,,
US018,Ayln,Rehtom,Nous,"12"", EP",,2018,12584922,Uncategorized,2021-06-01 06:41:32,Near Mint (NM or M-),,
"NOMU100CD, 392.0100.020",Plastikman,Closer,"NovaMute, PIAS Benelux","CD, Album",,2003,635772,Uncategorized,2022-03-04 15:38:02,,,
PSS152,Vivian Jackson & The Ralph Brothers,Conquering Lion,"Now (13), Pressure Sounds","7""",,2020,15520346,Uncategorized,2020-10-21 22:07:32,,,
NNT022,Duma (6),Duma,Nyege Nyege Tapes,"Cass, Album, Ltd",,2020,15905418,Uncategorized,2020-09-20 16:06:13,,,
NNT023MT,DJ Chengz,St Lucian Kuduro Mixtape,Nyege Nyege Tapes,"Cass, Comp, Ltd, Mixed, Mixtape",,2020,15659814,Uncategorized,2020-09-20 16:07:19,,,
NNT024,HHY & The Macumbas,Camouflage Vector - Edits From Live Actions 2017-2019,Nyege Nyege Tapes,"Cass, Ltd",,2020,15479980,Uncategorized,2020-09-20 16:05:51,,,
OBJEKT 004 ,Objekt,Objekt #4,Objekt,"12"", W/Lbl, Sta",,2017,10046369,Uncategorized,2022-04-16 02:00:30,Mint (M),Generic,
OBJEKT001,Objekt,Objekt001,Objekt,"12"", RE",,2012,3456192,Classics,2019-05-02 20:13:42,Mint (M),Generic,
OTCR12009,DJ Khalab,Zaire EP,On The Corner Records,"12"", EP",,2018,11532745,Various,2019-05-01 21:53:14,Mint (M),Mint (M),
ON-U LP47,Dub Syndicate,Strike The Balance,On-U Sound,"LP, Album",,1989,173282,Uncategorized,2021-09-20 22:48:22,Near Mint (NM or M-),Very Good Plus (VG+),
ONULP133,African Head Charge,Return Of The Crocodile,On-U Sound,"LP, Album",,2016,9255829,Uncategorized,2021-07-12 05:35:32,Mint (M),Mint (M),
"ONULP19, LP19",African Head Charge,Environmental Studies,"On-U Sound, On-U Sound","LP, Album, RE",,2016,8010572,Uncategorized,2021-06-15 03:53:45,Mint (M),Mint (M),
0027,Arthur Russell,Another Thought,Orange Mountain Music,"CD, Album, RE, RM",,2006,14088037,Uncategorized,2022-03-04 15:39:57,,,
OS004,Big Hands (3),Lakamha,Oscilla Sound,"12""",,2021,17663770,Uncategorized,2021-07-04 14:12:49,,,
OSMUK 040EP ,Manni Dee,"Dreams, Fears & Idols",Osiris Music UK,"12"", EP",,2014,6199910,Uncategorized,2021-06-01 06:41:32,Near Mint (NM or M-),Generic,
OCS003,Shifted,Telic,Our Circula Sound,"12""",,2011,3292523,Uncategorized,2021-06-28 07:12:05,,,
005,Reptilian Expo,xperiametaphone,Pampsychia,"Cass, Album",,2019,16161643,Uncategorized,2022-05-25 08:21:35,,,
007,Rorschac,Lolophophora,Pampsychia,"Cass, Album",,2020,16161708,Uncategorized,2022-08-23 08:51:34,,,
PPCS002,Lamont (12),Shadows / Pondering,Paper Cranes,"12"", Single, Num",,2015,7599491,Various,2019-05-01 22:01:27,Mint (M),Generic,
PAR002 ,Henry Greenleaf,Fold Together,Par Avion,"12"", W/Lbl, Han",,2018,12831072,Picks,2019-05-01 21:31:41,Mint (M),Mint (M),
PAR003,Agrippa,Dead Wait EP ,Par Avion,"12"", EP, W/Lbl, Han",,2019,13741305,Uncategorized,2022-05-09 05:19:32,Mint (M),Mint (M),
PRTLLP009,The Disciples (2), Infinite Density Of Dub ,Partial Records,"LP, RE",,2021,18455557,Uncategorized,2021-08-21 03:56:19,,,
PEARS3 ,Pearson Sound,Rubble,Pearson Sound,"12""",,2018,12809198,Picks,2019-05-01 21:24:19,Mint (M),Mint (M),
PengSound006,Ishan Sound,Ishan Sound,Peng Sound,"2x12"", RP",,2015,7107454,Uncategorized,2022-01-28 02:41:16,Very Good Plus (VG+),Near Mint (NM or M-),
PENGSOUND008,Ishan Sound ft. Rider Shafique,Trojan,Peng Sound,"2x10"", EP, RP",,2016,9930098,Sell,2019-05-01 21:06:53,Mint (M),Mint (M),
PB006,Various,Inverted Echoes,Pho Bho Records,"12"", EP, S/Edition, Gre",,2022,21247936,Uncategorized,2022-04-07 19:38:38,,,
CDPIR 1259,Sin Palabras,House Of Drums,Piranha,"CD, Album",,1998,7414196,Uncategorized,2021-08-21 03:25:34,,,
PLQ07,O.G. Jigg,Dominion Window,Plaque Records,Cass,,2022,23607989,Uncategorized,2022-07-06 05:29:33,,,
PLMN 001,Paleman,PLMN 001,PLMN,"12"", Ltd, W/Lbl, Sta",,2016,9485551,Picks,2019-05-01 21:52:42,Mint (M),Generic,
POLY008,Overmono,Raft Living,Poly Kicks,"12""",,2018,12610190,Picks,2019-05-01 21:26:13,Mint (M),Mint (M),
POLY010,Joy Orbison,50 Locked Grooves,Poly Kicks,"12""",,2019,13579711,Various,2019-05-15 09:19:12,Mint (M),Mint (M),
3715319,The Velvet Underground & Nico (3),The Velvet Underground & Nico,"Polydor, Universal Music Group International","CD, Album, RE, RM",,2012,4828089,Uncategorized,2022-03-04 15:38:56,,,
none,Suckdog,Drugs Are Nice,Post-Materialization Music,"Cass, Ltd",,2017,11748248,Uncategorized,2022-03-04 10:34:21,,,
PRE004,Yolabmi,Ordinary Days,Prepaid Records,"Cass, Album, Ltd, 40",,2021,17655655,Uncategorized,2022-03-04 10:17:46,,,
PSLP 90,"Skin, Flesh & Bones",Dub In Blood,Pressure Sounds,"LP, Album, RE, TP",,2016,15799519,Uncategorized,2021-07-05 01:57:04,,,
PSLP009,Lee Perry,Voodooism,Pressure Sounds,"LP, Album, Comp",,1996,210368,Uncategorized,2021-09-20 22:48:22,Near Mint (NM or M-),Near Mint (NM or M-),
PSS157,Tommy McCook,Death Trap,Pressure Sounds,"7""",,2020,15985560,Uncategorized,2021-07-04 13:24:52,,,
PSS124,Lloyd Parks,Slaving (Steppers Cut),"Pressure Sounds, Parks","7"", Single, RE",,2017,11225672,Uncategorized,2021-07-04 13:28:32,,,
PSS146,Tommy McCook / Tommy McCook & King Tubby,Revenge / Greetings,"Pressure Sounds, Prophet (2)","7"", Single, RE",,2019,13675981,Uncategorized,2020-12-02 11:44:23,,,
PSS 042,The Upsetters,Strong Drink,"Pressure Sounds, Upsetter","7"", Single",,2011,2859502,Uncategorized,2021-07-04 13:36:59,,,
P011,DJ Firmeza,Alma Do Meu Pai,Príncipe,"12"", EP, Han",,2015,7649614,Various,2019-05-01 21:28:02,Mint (M),Mint (M),
P027,DJ Firmeza,Ardeu,Príncipe,"12""",,2019,14132931,Uncategorized,2020-09-19 22:18:37,Mint (M),,
PRB 011,Huerco S.,Railroad Blues,Proibito,"12""",,2015,7260719,Uncategorized,2022-01-28 02:41:16,Very Good (VG),Generic,
PRB018,Huerco S.,For Those Of You Who Have Never (And Also Those Who Have),Proibito,2xLP,,2016,8541536,Uncategorized,2020-09-19 22:16:05,,,
PSS145,Vivian Jackson & The Prophets,Judgement On The Land,"Prophets, Pressure Sounds","7"", Single, RE",,2019,13675944,Uncategorized,2020-12-02 11:44:12,,,
PSS154,Vivian Jackson,Run Come Rally,"Prophets, Pressure Sounds","7"", RE, Sol",,2020,15474062,Uncategorized,2020-10-21 22:06:27,,,
PLIB007,Saint Abdullah,In God's Image,Psychic Liberation,"2xCD, Ltd",,2020,15800325,Uncategorized,2022-03-04 15:18:20,,,
drunk025,Kahn (5),Illy / Tehran,Punch Drunk,"12""",,2011,3156677,Uncategorized,2022-10-10 10:35:05,,,
DRUNK3,RSD,Corner Dub (Blue & Red Mix) / Pretty Bright Light,Punch Drunk,"12""",,2007,974578,Various,2019-05-01 21:31:11,Mint (M),Mint (M),
drunk5,Peverelist,Roll With The Punches / Die Brücke,Punch Drunk,"12""",,2007,1131757,Classics,2019-05-02 19:57:52,Mint (M),Generic,
drunk7,Pinch (2),Dr Carlson / 136 Trek,Punch Drunk,"12""",,2008,1290972,Uncategorized,2020-02-15 21:44:37,Near Mint (NM or M-),,
DRUNKCD001,RSD,Good Energy (A Singles Collection),Punch Drunk,"CD, Comp",,2009,1937189,Uncategorized,2022-03-04 15:36:29,,,
DRUNKCD002,Peverelist,Jarvik Mindstate,Punch Drunk,"CD, Album, Dig",,2009,2026218,Uncategorized,2022-03-04 15:17:12,,,
DRUNKCD003,Guido (20),Anidea,Punch Drunk,"CD, Album",,2010,2285619,Uncategorized,2022-03-04 15:15:51,,,
DRUNKCD004,Various,Worth The Weight:  Bristol Dubstep Classics,Punch Drunk,"2xCD, Comp",,2010,2538948,Uncategorized,2022-03-04 15:15:06,,,
DRUNKCD005,Bass Clef,Reeling Skullways,Punch Drunk,"CD, Album",,2012,3567043,Uncategorized,2022-03-04 15:14:24,,,
DRUNKCD006,Various,Worth The Weight Vol. 2: From The Edge,Punch Drunk,"CD, Comp",,2014,6799166,Uncategorized,2022-03-04 15:16:16,,,
PTP2013,Dis Fig,PURGE,Purple Tape Pedigree,"Cass, Dlx, RM",,2019,14428125,Uncategorized,2020-10-21 22:08:19,,,
HHD QNS 4,QNS,QNS 4,QNS,"12"", S/Sided, Ltd, Num, Sta",,2010,2522015,Uncategorized,2022-03-07 03:31:07,Near Mint (NM or M-),Generic,
RS 1102,Blawan,Bohla EP,R & S Records,"12"", EP",,2011,2755984,Classics,2019-05-02 20:16:28,Mint (M),Near Mint (NM or M-),
RS 1107,Klaus (25),Tusk EP,R & S Records,"12"", EP",,2011,3044573,Uncategorized,2022-05-09 05:19:04,Very Good Plus (VG+),Very Good Plus (VG+),
RS 1108,Blawan,What You Do With What You Have,R & S Records,"12""",,2011,3127881,Classics,2019-05-02 20:16:57,Mint (M),Near Mint (NM or M-),
R=A+7=4,Tribe Of Colin,Was Gwan Tell Dem II,R=A,"7""",,2018,12424121,Uncategorized,2022-08-23 08:45:46,,,
RAMP036,Shortstuff,The Summer Of Shortstuff Part 2,Ramp Recordings,"10""",,2010,2397058,Sell,2019-05-01 22:07:09,Mint (M),Mint (M),
RJLP002,King Tubby,King At The Control,Ranking Joe Universal,"LP, RE",,2017,11167936,Uncategorized,2020-05-13 15:53:57,Near Mint (NM or M-),,
88697844932,Foo Fighters,Wasting Light,RCA,"CD, Album",,2011,3071346,Uncategorized,2022-03-04 15:36:13,,,
00602567491118,Post Malone,Beerbongs & Bentleys,Republic Records,"CD, Album",,2018,11952773,Uncategorized,2022-03-04 11:42:45,,,
RREP06,Tapes (2), Sauna Research / Aquarium Trousers,Research Records,"7"", Single",,2021,18416362,Uncategorized,2022-02-17 05:14:19,,,
RS-01,Rhythm & Sound w/ Paul St. Hilaire,Music A Fe Rule,Rhythm & Sound,"12"", RP",,2021,19186105,Uncategorized,2021-07-04 13:49:01,,,
RS-03,Rhythm & Sound,Roll Off,Rhythm & Sound,"12""",,1998,17570,Various,2019-05-01 21:29:49,Mint (M),Mint (M),
RS-05,Rhythm & Sound,Carrier,Rhythm & Sound,"12"", RP",,2017,10920521,Uncategorized,2021-07-04 13:51:25,,,
RS-06,Rhythm & Sound,Trace,Rhythm & Sound,"12""",,2001,17578,Uncategorized,2021-07-04 13:52:08,,,
"RS-02, RS-02-W",The Chosen Brothers / Bullwackies All Stars / Rhythm & Sound,Mango Walk,"Rhythm & Sound, Wackie's","12""",,1998,17569,Uncategorized,2021-07-04 13:50:47,,,
RFRMMC09,Dori Sorride,A Catturare I Raggi,Riforma,"Cass, Album, Ltd",,2022,23672654,Uncategorized,2022-08-23 08:50:08,,,
"ROHS!03/7""",Babe Roots Feat. Ixm,Dub Sessions 1,Rohs! Records,"7"", Ltd, Num, RP, W/Lbl, Sta",,2017,10751210,Uncategorized,2020-05-13 15:53:04,Very Good Plus (VG+),,
001,Reducer (3),Product,RUSS,"12""",,2015,9551481,Uncategorized,2021-07-05 02:01:35,,,
002,Reducer (3),Untitled,RUSS,"12"", EP",,2021,18644242,Uncategorized,2021-08-21 03:58:31,,,
none,The Human Aerial & Sen Na / Reducer (3),A Change Of Worlds,"RUSS, Bokeh Versions","M/Stick, MPEG-4 Video, Min",,2021,19394221,Uncategorized,2022-03-04 11:16:31,,,
CCCP-010,Randomer,Untitled,Russian Torrent Versions,"12""",,2014,5934588,Uncategorized,2022-05-09 05:19:04,Very Good Plus (VG+),Generic,
RWDFWDMIX006,Maral (3),RWDFWDMIX006,RWDFWDMIX,"Cass, Mixed, C90",,2020,15062963,Uncategorized,2020-09-20 16:09:23,,,
ST 018,Young Marco,I'm Still Mellow,Safe Trip,"12""",,2022,22613483,Uncategorized,2022-04-07 19:37:48,,,
SGM001,Various,Window A / Window B,Sagome,"2xCass, Ltd",,2020,15754764,Uncategorized,2020-09-20 16:11:57,,,
SGM002,| RG |,Observer,Sagome,"Cass, Album, Ltd",,2020,16237921,Uncategorized,2022-08-23 12:29:18,,,
SGM004,Ssiege,dreamy pads of insecurity,Sagome,"Cass, Ltd, Mixed",,2022,23055830,Uncategorized,2022-08-23 12:29:26,,,
SMDE19,Donato Dozzy,The Tao,Samurai Music,"12"", EP, Ltd, Blu",,2020,16251688,Uncategorized,2022-03-23 03:48:17,Mint (M),Mint (M),
none,Various,Heartbeat Of Africa - Series 2: Drums Of Africa,Sapra Studio,"7""",,0,1616112,Early,2019-05-02 19:59:42,Mint (M),Near Mint (NM or M-),
"0777 7 88263 2 3, K2 88263, K2-88263",Slowdive,Souvlaki,"SBK Records, ERG, SBK Records","CD, Album, RP",,0,12918178,Uncategorized,2022-03-04 12:00:05,,,
SECOND CIRCLE 009,D.K. (10),Mystery Dub,Second Circle,"12"", EP",,2018,11678267,Uncategorized,2022-03-07 03:31:07,Mint (M),Mint (M),
S7S006,Boofy & Ishan Sound,Roll The Dice,Sector 7 Sounds,"12"", Sta",,2017,10919190,Various,2019-05-02 20:02:16,Mint (M),Generic,
S7S010,Drone (33),Horror / Boofy Remix,Sector 7 Sounds,"12"", Single, Sta",,2019,14240337,Uncategorized,2022-10-10 10:43:33,,,
UFO 12,DJ Fett Burger,Pub 18 / 411 Esperanza,Sex Tags UFO,"12"", EP",,2017,10325737,Uncategorized,2021-06-01 06:41:32,Near Mint (NM or M-),Very Good Plus (VG+),
88697722232,The Stone Roses,The Stone Roses,Silvertone Records,"CD, Album, RE, RM",,2010,3484137,Uncategorized,2022-03-04 15:44:42,,,
7599-26462-2,Ride,Nowhere,"Sire, Reprise Records","CD, Album",,1990,378814,Uncategorized,2022-03-04 15:41:58,,,
CD 26759,My Bloody Valentine,Loveless,"Sire, Warner Records, Creation Records","CD, Album",,0,15617346,Uncategorized,2022-03-04 14:52:49,,,
ZZZ 04,Sleeparchive,Infrared Glow,Sleeparchive,"12"", Blu",,2005,503307,Early,2019-05-02 20:19:38,Mint (M),Generic,
SMM0000101,Simone (411),Menomale,SMM0000,"12"", EP",,2022,24448748,Uncategorized,2022-10-05 14:53:39,,,
SM005V,Tracy (20),Reconstructions Part 2,Sonntag Morgen,"12""",,2014,6050110,Uncategorized,2021-06-01 06:41:32,Near Mint (NM or M-),Generic,
SS051,Jay Daniel,Scorpio Rising EP,Sound Signature,"12"", EP",,2013,4922222,Uncategorized,2022-04-16 02:00:30,Very Good Plus (VG+),Very Good Plus (VG+),
SDM001,Space Drum Meditation,SDM001,Space Drum Meditation,"12"", EP",,2018,12616537,Uncategorized,2022-03-07 03:31:07,Mint (M),Mint (M),
SDM004,Space Drum Meditation,Untitled,Space Drum Meditation,"12"", Gre",,2021,20207005,Uncategorized,2022-05-09 05:19:26,Mint (M),Mint (M),
SDM004,Space Drum Meditation,Untitled,Space Drum Meditation,"12"", Gre",,2021,20207005,Uncategorized,2022-05-25 18:14:36,Mint (M),,
sub​-​d47,Alberto de Cardeña,Voices EP ,SUBSIST,"CD-ROM, Ltd",,2016,8098368,Uncategorized,2022-03-04 15:22:32,,,
SWAMP:006,Ramadanman,Fall Short / Work Them,Swamp 81,"12""",,2010,2346720,Classics,2019-05-01 21:58:10,Mint (M),Mint (M),
SWAMP:021,Trusta,Hypnotic / Feel So,Swamp 81,"12""",,2012,3657322,Picks,2019-05-01 22:04:38,Mint (M),Near Mint (NM or M-),
SWAMPX1,"Nah Eeto, Sumgii",Wanawake,Swamp 81,"12"", Single",,2020,15349592,Uncategorized,2022-03-04 09:19:50,,,
301120,P.L.O.,Paleozoic Beat EP,Swamp Room Records,"7""",,1994,651019,Uncategorized,2022-01-28 02:41:16,Very Good Plus (VG+),Very Good Plus (VG+),
SYSTM032,Babe Roots,Music Mission,System Music (2),"12""",,2020,15339663,Uncategorized,2020-07-12 13:46:09,Mint (M),Generic,
SYSTM033,Boofy,Climb Out Of Your Hiding Place / Your Sheds Too Big,System Music (2),"12""",,2020,15561609,Uncategorized,2022-10-10 10:44:13,,,
SYSTM035,Kahn (5),Imhotep / Boofy Remix,System Music (2),"12"", 180",,2020,15867791,Uncategorized,2022-10-10 10:36:05,,,
TE-04,Ossia (2) Ft. Ollie Moore,Live At The Brunswick Club,Tape Echo,Cass,,2019,13885640,Uncategorized,2022-01-26 06:34:24,,,
TE-05,DJ Stryda, Cream Of Bristol Roots Pirate!,Tape Echo,"Cass, Ltd, Mixtape",,2021,16886184,Uncategorized,2022-03-04 10:44:47,,,
none,Evil Dee,Classic Cuts Beatminerz II,Tape Kingz,"Cass, Mixed",,0,9200630,Uncategorized,2022-03-04 11:02:34,,,
TX12-004,Gregory Isaacs,Rock Dis Ya Reggae Beat / Motherless Children,Taxi,"12"", RE",,2012,4107342,Uncategorized,2021-07-04 14:00:49,,,
TEMPA 030,Benga & Coki,Night,Tempa,"12"", RP",,2012,4099328,Uncategorized,2020-02-15 21:45:14,Near Mint (NM or M-),,
Tempa CD008,Skream,Skream!,Tempa,"CD, Album",,2006,811808,Uncategorized,2022-03-04 11:39:03,,,
Tempa.098,Alex Coulton,Recall / Wiretap,Tempa,"12""",,2015,6551077,Early,2019-05-01 22:11:20,Mint (M),Mint (M),
Tempa.106,Alex Coulton,Ambush / Direction,Tempa,"12""",,2016,8394887,Early,2019-05-01 21:54:26,Mint (M),Generic,
TTY 021 ,Mickey Pearce,Top 5 Goat Memes,Ten Thousand Yen,"12"", EP",,2016,9466209,Sell,2019-05-01 22:10:07,Mint (M),Generic,
TESC 003 ,Blawan, The Communicat 1022 EP ,Ternesc,"12"", EP",,2016,8249237,Early,2019-05-02 20:15:19,Mint (M),Mint (M),
TTW#155,Superior London Pulp,"The Real Occult's In The Pubs Of The East End, In The Sinking Ships Of The Thames",The Tapeworm,"Cass, Ltd",,2022,23869400,Uncategorized,2022-10-10 10:40:50,,,
TTT006,Tuff Sherm,Pharmacy EP,The Trilogy Tapes,"12"", EP",,2012,3975245,Uncategorized,2022-01-28 02:41:16,Near Mint (NM or M-),Very Good Plus (VG+),
TTT030,Ekman,Entropy,The Trilogy Tapes,"12"", EP",,2014,6055575,Uncategorized,2022-05-09 05:19:32,Mint (M),Near Mint (NM or M-),
TTT049,Anthony Naples,Slice of Life EP,The Trilogy Tapes,"12"", EP",,2016,9311426,Uncategorized,2022-03-07 03:31:07,Mint (M),Mint (M),
TTT070,Rezzett,Rezzett LP,The Trilogy Tapes,"2xLP, Pos",,2018,11479023,Uncategorized,2022-03-13 14:35:23,,,
TTT074,CS + Kreme,Cold Shoulder,The Trilogy Tapes,"12""",,2018,12370538,Uncategorized,2021-09-09 02:50:42,,,
TTT090,CS + Kreme,Snoopy,The Trilogy Tapes,"2xLP, Ltd",,2020,14788836,Uncategorized,2021-09-09 02:50:23,,,
TTT094,CS + Kreme,howwouldyoufeelwithoutthatthought,The Trilogy Tapes,"12"", EP",,2020,16341063,Uncategorized,2022-05-09 05:19:32,Mint (M),Mint (M),
Timedance008,Batu (4),Murmur EP,Timedance,"12"", EP",,2017,9795763,Picks,2019-05-01 21:54:49,Mint (M),Mint (M),
Timedance010,Ploy (2),Intrigued By The Drum,Timedance,"12"", EP",,2017,10584473,Picks,2019-05-02 20:11:52,Mint (M),Mint (M),
Timedance016,Laksa,The Amala Trick / In The Middle,Timedance,"12"", Single, Ltd",,2018,12835844,Picks,2019-05-01 21:30:16,Mint (M),Mint (M),
TNIEGE002,Tribe Of Colin,Yahweh Temple,Tniegebrohood,"12""",,2020,15797333,Uncategorized,2021-07-04 14:11:52,,,
TD2110,Various,Tone Dropout Vol 10,Tone Dropout,"12"", EP",,2022,23301179,Uncategorized,2022-09-12 13:27:12,,,
TSR21,Autumns,Dyslexia Sound System,Touch Sensitive Records,"LP, Ltd",,2021,17699812,Uncategorized,2021-07-04 14:10:36,,,
"TRESOR.323, TRESOR323LPW",LNS (2) & DJ Sotofett,Sputters,"Tresor, Tresor","2x12"", Album, Ltd, Whi",,2021,19328311,Uncategorized,2022-01-26 02:31:21,Mint (M),Mint (M),
TRUNCATE4,Truncate,Transients,Truncate,"12"", W/Lbl",,2012,3377799,Uncategorized,2021-06-28 07:12:07,,,
TOPP CD 007,Submarine (3),Submarine,ultimate,"CD, Album",,1994,702014,Uncategorized,2021-06-10 10:41:44,Near Mint (NM or M-),Near Mint (NM or M-),
PSS 036,The Upsetters / The Dub Organiser,Chim Cherie,"Upsetter, Pressure Sounds","7"", Single",,2010,2466747,Uncategorized,2021-07-04 13:36:19,,,
none,Lee Perry / Prince Jazzbo,Disco Devil / Croaking,Upsetters,"7"", Single, RE, Unofficial",,2014,6273671,Uncategorized,2021-07-04 13:21:25,,,
none,Max Romeo,I Chase The Devil,Upsetters,"7"", Single, RE",,2013,5290441,Uncategorized,2021-07-04 13:34:39,,,
version009 ,Yak (19),Mido,Version (2),"12""",,2017,10448004,Uncategorized,2022-04-01 05:29:11,Very Good Plus (VG+),,
version010,Orson (6),Life Gamble / 12:09,Version (2),"12""",,2018,12677966,Uncategorized,2021-06-01 06:41:32,Near Mint (NM or M-),Generic,
version013,Yak (19),Umbra / Kaepora,Version (2),"12""",,2019,13904655,Uncategorized,2022-04-01 05:29:11,Near Mint (NM or M-),Generic,
version015,Loefah / d1,Natural Charge / Crack Bong (Loefah Rmx),Version (2),"12"", 180",,2020,14941791,Uncategorized,2020-05-13 15:56:31,Near Mint (NM or M-),,
VR164,Various,Calypso Heat - The Definitive Calypso Compilation,"Victory World, Rituals Music","CD, Comp",,2001,10370458,Uncategorized,2021-08-21 03:25:55,,,
5099967929726,The Smashing Pumpkins,Siamese Dream,Virgin,"CD, Album, RE, RM",,2011,5854677,Uncategorized,2022-03-04 15:40:44,,,
5361725,The Abyssinians,Arise,"Virgin, Front Line (2), Universal UMC","CD, Album, RE",,2015,8230103,Uncategorized,2021-08-21 03:26:57,,,
"CDOVD 437, 0777 7 87164 2 6","Holger Czukay, Jah Wobble, Jaki Liebezeit",Full Circle,"Virgin, Virgin","CD, Album, RP",,0,12926264,Uncategorized,2022-03-04 11:54:53,,,
"CDVDR 2512, 50999 0 70015 2 9",Public Image Limited,Second Edition,"Virgin, Virgin","CD, Album, RE, RM, RP",,0,8469691,Uncategorized,2022-03-04 15:43:30,,,
VLEK18,Sagat (2),Melting The Earth Onto The Body Without Organs,Vlek,"12"", EP, Ltd",,2015,6895221,Uncategorized,2021-06-01 06:41:32,Near Mint (NM or M-),Very Good Plus (VG+),
none,Barrington Levy,Shaolin Temple,Volcano,"7"", RE",,0,6946410,Uncategorized,2021-08-21 03:30:43,,,
VOL 17-82,John Holt,Police In Helicopter,Volcano,"7"", RP",,0,6494399,Uncategorized,2021-07-04 13:25:30,,,
W-158,Tony Jackson (12) / Jah Batta,Mother I Love You / Vampire ,Wackie's,"12"", RE",,2018,12640910,Uncategorized,2021-08-21 04:17:07,,,
W-210,Stranger Cole / Leroy Heptone / Bullwackies All Stars,The Time Is Now / Revolution / Take Time,Wackie's,"12"", RE",,2002,377234,Uncategorized,2021-07-04 13:53:15,,,
W-2383,Love Joys,Lovers Rock Reggae Style,Wackie's,"LP, Album, RE",,2001,156866,Uncategorized,2021-07-04 13:53:43,,,
WINO-GD1,Gombeen & Doygen,D'Americana / Auto-Lies,Wah Wah Wino,"12""",,2021,17642617,Uncategorized,2021-08-21 04:15:49,,,
WAI ONE,Leeway (6),Vibe Collins EP,Wain,"12"", EP",,2020,16502187,Uncategorized,2021-07-05 01:46:37,,,
WAP391,Aphex Twin,Cheetah EP,Warp Records,"12"", EP",,2016,8720448,Classics,2019-05-02 20:17:20,Mint (M),Mint (M),
WAP401,DJ Nigga Fox,Crânio,Warp Records,"12"", EP",,2018,11675858,Uncategorized,2020-09-19 22:19:16,Mint (M),,
WAP406,Lorenzo Senni,XAllegroX / The Shape Of Trance To Come,Warp Records,"12"", EP",,2017,10900265,Classics,2019-05-02 20:15:39,Mint (M),Mint (M),
warplp101r,Boards Of Canada,Geogaddi,"Warp Records, Music70","2xLP + LP, S/Sided, Etch + Album, RE, RM",,2013,15290781,Uncategorized,2022-03-04 09:39:30,,,
"warplp55r, skalp 1",Boards Of Canada,Music Has The Right To Children,"Warp Records, Skam","2xLP, Album, RE, RP",,2021,22260676,Uncategorized,2022-03-04 09:44:52,,,
4509-93833-2,The Smiths,Louder Than Bombs,WEA,"CD, Comp, RE",,0,2292694,Uncategorized,2022-03-04 11:53:42,,,
WSR 003,Robert Fleck,Soft Focus EP,Well Street Records,"12"", EP",,2018,12012736,Uncategorized,2022-03-16 06:59:25,Mint (M),Mint (M),
WSR LF2,Loop LF,Natural XT EP,Well Street Records,"12"", EP",,2019,13830609,Uncategorized,2022-03-16 06:59:25,Near Mint (NM or M-),Mint (M),
WSR LF3,Loop LF,Drifting Forwards EP,Well Street Records,"12"", EP",,2020,15688786,Uncategorized,2020-09-20 08:31:41,,,
WSR RF2,Robert Fleck,Injury Time EP,Well Street Records,"12"", EP",,2021,19929340,Uncategorized,2022-03-07 03:31:07,Mint (M),Mint (M),
WSR SO1,Significant Other (3),Postdrome EP,Well Street Records,"12"", EP",,2019,14253765,Uncategorized,2022-03-16 06:59:25,Mint (M),Mint (M),
WSR SP1,Sputnik One,Warm Body EP,Well Street Records,"12"", EP",,2021,17693887,Uncategorized,2022-03-25 06:59:01,Mint (M),Mint (M),
OUEST099,Pendant (2),Make Me Know You Sweet,West Mineral Ltd.,"2xLP, Album, Ltd",,2018,11436417,Uncategorized,2022-03-04 09:28:50,,,
SF 98,P.L.O.,Ghaddafi Works,What's So Funny About..,"7""",,1990,651712,Uncategorized,2022-01-28 02:41:16,Very Good (VG),Very Good (VG),
WHYT019,Overmono,Whities 019,Whities,"12"", EP",,2018,12867498,Picks,2019-05-01 21:27:06,Mint (M),Mint (M),
WHYT024,Anunaku,Whities 024,Whities,"12"", EP",,2019,14273329,Picks,2019-11-07 07:22:20,Mint (M),Mint (M),
WHYTBLU06,Pugilist,Blue 06,Whities,"12""",,2019,13868434,Uncategorized,2022-04-16 02:00:30,Mint (M),Mint (M),
WSDM002,Hodge (3) / Acre (3),X / Don't Get Me Started,Wisdom Teeth,"12""",,2015,6666365,Early,2019-05-01 21:58:50,Mint (M),Very Good (VG),
WSDM011,K-Lone,Sine Language,Wisdom Teeth,"12""",,2019,13695712,Uncategorized,2022-03-16 06:59:25,Near Mint (NM or M-),Near Mint (NM or M-),
WOE002,Mosquitoes (3),Mosquitoes,World Of Echo (2),"10"", EP, RE",,2021,17578492,Uncategorized,2021-07-04 13:43:55,,,
XL1072T,Overmono,Pieces Of 8 / Echo Rush,XL Recordings,"12"", EP",,2021,18202450,Uncategorized,2021-07-05 01:45:32,,,
XLCD 324,Radiohead,In Rainbows,XL Recordings,"CD, Album, RE, Dig",,2016,10740255,Uncategorized,2022-03-04 11:49:22,,,
XLCD782,Radiohead,Kid A,XL Recordings,"CD, Album, RE",,2016,13201064,Uncategorized,2022-03-04 12:02:28,,,
YE004 ,Jabu (3),Jabu Remixes,Young Echo,"12""",,2019,13551713,Uncategorized,2020-09-20 08:33:09,,,
YE006,O$VMV$M,Manonmars / In Colour Instrumentals,Young Echo,2xCass,,2021,17427826,Uncategorized,2022-03-04 11:20:36,,,
Y15TH,NW/HR,Y15TH,Youth,"12""",,2022,23222723,Uncategorized,2022-10-10 10:40:05,,,
YOCS3,Remer Cier,Les Blues P.C,Youth,"Cass, Album",,2021,16992861,Uncategorized,2022-03-04 10:28:06,,,
YOCS5,Sockethead,AUMA,Youth,"Cass, Ltd",,2021,21434791,Uncategorized,2022-03-04 10:14:54,,,
none,Tenor Saw,Lots Of Sign,Youth Promotion,"7""",,1985,7780717,Uncategorized,2021-07-05 02:19:52,,,
ZAMZAM60,Heights & Worship,Selassie's Song,ZamZam Sounds,"7"", Ltd",,2018,11699621,Picks,2019-10-25 20:42:07,,,
ZAMZAM63,Alpha Steppa,Liberation / Pray,ZamZam Sounds,"7"", Ltd",,2018,11953347,Picks,2019-10-25 20:42:03,,,
ZAMZAM66,Pugilist,Roll Off,ZamZam Sounds,"7"", Ltd",,2018,12576708,Picks,2019-05-01 21:00:09,Near Mint (NM or M-),Mint (M),
ZAMZAM71,D-Operation Drop,Bronco,ZamZam Sounds,"7""",,2019,13518008,Uncategorized,2020-02-15 21:42:09,Near Mint (NM or M-),,
ZAMZAM75,Akcept,Cambridge Road,ZamZam Sounds,"7""",,2019,14226147,Picks,2019-11-04 18:40:14,Mint (M),Mint (M),
ZAMZAM77,"Rider Shafique, Ishan Sound & Kahn (5)",When Shall We Rise / When Shall We Dub,ZamZam Sounds,"7"", Ltd",,2020,15044979,Uncategorized,2020-09-20 08:26:40,Near Mint (NM or M-),,
ZEHNIN05 ,Paleman,Searching,Zehnin,"12"", EP",,2018,12132129,Early,2019-05-02 20:10:42,Mint (M),Generic,
